"","V3","V4","V5","V6","V7","V8","V9","V10","V11","V12","V13","V14","V15","V16","V17"
"2","LE 1","MHE 2","MLE 3","HE 4","MHE 5","LI 1","LI 2","LI 3","LI 4","LI 5","LI 6","HI 7","HI 8","HI 9","HI 10"
"3","LE 1","HE 2","MHE 3","MHE 4","MHE 5","MHI 1","MHI 2","MLI 3","MHI 4","MHI 5","MHI 6","MLI 7","MLI 8","MLI 9","HI 10"
"4","LE 1","MLE 2","LE 3","MHE 4","HE 5","HI 1","HI 2","HI 3","HI 4","MHI 5","MLI 6","LI 7","LI 8","MLI 9","MLI 10"
"5","LE 1","HE 2","HE 3","MHE 4","MLE 5","MHI 1","LI 2","LI 3","HI 4","HI 5","LI 6","HI 7","MLI 8","MHI 9","MLI 10"
"6","HE 1","LE 2","MLE 3","LE 4","MLE 5","MHI 1","HI 2","HI 3","MLI 4","LI 5","MLI 6","MHI 7","MHI 8","LI 9","LI 10"
"7","LE 1","LE 2","MLE 3","HE 4","HE 5","MLI 1","MLI 2","MHI 3","MHI 4","MLI 5","MLI 6","MHI 7","MHI 8","MHI 9","MLI 10"
"8","MHE 1","MHE 2","LE 3","MLE 4","MLE 5","LI 1","MLI 2","MHI 3","MHI 4","HI 5","MHI 6","MHI 7","HI 8","LI 9","LI 10"
"9","MLE 1","HE 2","MLE 3","MLE 4","MHE 5","LI 1","LI 2","LI 3","MLI 4","LI 5","HI 6","MLI 7","HI 8","MHI 9","MLI 10"
"10","LE 1","LE 2","LE 3","HE 4","HE 5","LI 1","LI 2","LI 3","LI 4","LI 5","LI 6","MLI 7","HI 8","HI 9","HI 10"
"11","MLE 1","HE 2","LE 3","MHE 4","MHE 5","HI 1","MHI 2","MHI 3","MHI 4","HI 5","MHI 6","LI 7","MLI 8","LI 9","MLI 10"
"12","MLE 1","MLE 2","HE 3","MLE 4","LE 5","MHI 1","MLI 2","HI 3","MHI 4","MHI 5","HI 6","LI 7","MLI 8","LI 9","LI 10"
"13","MHE 1","HE 2","HE 3","MLE 4","MLE 5","LI 1","LI 2","LI 3","LI 4","LI 5","LI 6","HI 7","HI 8","HI 9","HI 10"
"14","HE 1","LE 2","LE 3","LE 4","LE 5","MHI 1","HI 2","HI 3","HI 4","LI 5","MHI 6","LI 7","MHI 8","MLI 9","LI 10"
"15","MHE 1","HE 2","MHE 3","LE 4","LE 5","HI 1","HI 2","HI 3","HI 4","HI 5","MLI 6","LI 7","LI 8","LI 9","LI 10"
"16","LE 1","MHE 2","HE 3","HE 4","HE 5","MHI 1","MHI 2","MHI 3","LI 4","LI 5","LI 6","MLI 7","HI 8","HI 9","MHI 10"
"17","HE 1","LE 2","LE 3","LE 4","MLE 5","HI 1","HI 2","HI 3","HI 4","MLI 5","MHI 6","LI 7","LI 8","MHI 9","LI 10"
"18","LE 1","LE 2","LE 3","HE 4","HE 5","MLI 1","MLI 2","MLI 3","MLI 4","MHI 5","HI 6","LI 7","LI 8","HI 9","MHI 10"
"19","MHE 1","MLE 2","MLE 3","MLE 4","MLE 5","MHI 1","MHI 2","MHI 3","HI 4","HI 5","MLI 6","MLI 7","LI 8","LI 9","LI 10"
"20","MLE 1","HE 2","MHE 3","MHE 4","HE 5","MLI 1","MHI 2","MHI 3","HI 4","MLI 5","MLI 6","MLI 7","MHI 8","MLI 9","MLI 10"
"21","LE 1","LE 2","LE 3","HE 4","HE 5","LI 1","LI 2","LI 3","LI 4","LI 5","LI 6","MLI 7","HI 8","HI 9","HI 10"
"22","MLE 1","LE 2","HE 3","HE 4","MHE 5","LI 1","LI 2","LI 3","LI 4","LI 5","HI 6","HI 7","HI 8","HI 9","HI 10"
"23","MLE 1","LE 2","HE 3","HE 4","MHE 5","LI 1","MHI 2","MLI 3","MLI 4","LI 5","MHI 6","MHI 7","MHI 8","MHI 9","MHI 10"
"24","MHE 1","MHE 2","MHE 3","MLE 4","LE 5","HI 1","MHI 2","MHI 3","MHI 4","MHI 5","MHI 6","MHI 7","LI 8","LI 9","LI 10"
"25","MLE 1","MHE 2","MHE 3","MLE 4","MHE 5","MLI 1","MLI 2","MLI 3","MHI 4","MHI 5","MHI 6","MHI 7","MHI 8","MHI 9","MLI 10"
"26","MLE 1","MLE 2","MLE 3","MHE 4","HE 5","MLI 1","MLI 2","LI 3","MLI 4","MLI 5","MLI 6","MHI 7","HI 8","HI 9","HI 10"
"27","MHE 1","MHE 2","HE 3","LE 4","LE 5","MLI 1","MHI 2","LI 3","HI 4","MHI 5","HI 6","HI 7","LI 8","LI 9","MHI 10"
"28","MHE 1","LE 2","HE 3","MHE 4","MHE 5","MLI 1","LI 2","MLI 3","MLI 4","MHI 5","HI 6","MLI 7","MHI 8","MLI 9","MLI 10"
"29","MLE 1","MHE 2","MLE 3","MHE 4","HE 5","MHI 1","MHI 2","MHI 3","MHI 4","MHI 5","MHI 6","MHI 7","MLI 8","LI 9","MLI 10"
"30","MLE 1","HE 2","MLE 3","MLE 4","MHE 5","HI 1","MHI 2","HI 3","MLI 4","MHI 5","MHI 6","LI 7","MLI 8","MLI 9","MLI 10"
"31","HE 1","HE 2","LE 3","LE 4","MLE 5","MLI 1","MHI 2","MLI 3","HI 4","HI 5","MHI 6","MLI 7","MHI 8","LI 9","LI 10"
"32","LE 1","MHE 2","HE 3","MHE 4","MHE 5","HI 1","MLI 2","MHI 3","MLI 4","LI 5","MLI 6","HI 7","MHI 8","MLI 9","MHI 10"
"33","MHE 1","HE 2","MLE 3","LE 4","LE 5","MHI 1","HI 2","LI 3","MHI 4","HI 5","LI 6","MHI 7","LI 8","LI 9","LI 10"
"34","HE 1","MHE 2","MHE 3","MLE 4","MLE 5","MLI 1","MLI 2","HI 3","HI 4","MLI 5","HI 6","LI 7","MLI 8","LI 9","MHI 10"
"35","MHE 1","HE 2","MLE 3","MHE 4","LE 5","LI 1","HI 2","HI 3","MHI 4","HI 5","MHI 6","HI 7","LI 8","MHI 9","LI 10"
"36","MHE 1","MLE 2","MHE 3","MLE 4","MLE 5","LI 1","LI 2","LI 3","LI 4","LI 5","LI 6","HI 7","HI 8","HI 9","HI 10"
"37","MLE 1","MLE 2","MHE 3","HE 4","MHE 5","HI 1","MLI 2","MHI 3","HI 4","MLI 5","LI 6","MHI 7","MLI 8","MLI 9","MLI 10"
"38","MHE 1","HE 2","HE 3","LE 4","MLE 5","MLI 1","MHI 2","LI 3","MLI 4","MLI 5","HI 6","MLI 7","MLI 8","MHI 9","MHI 10"
"39","HE 1","LE 2","MHE 3","MLE 4","LE 5","MLI 1","HI 2","LI 3","LI 4","HI 5","MHI 6","HI 7","MHI 8","MLI 9","LI 10"
"40","MHE 1","MHE 2","MLE 3","MLE 4","MLE 5","MHI 1","HI 2","MLI 3","MLI 4","HI 5","MLI 6","MLI 7","LI 8","LI 9","MHI 10"
"41","HE 1","MHE 2","MLE 3","LE 4","MLE 5","HI 1","MHI 2","MHI 3","HI 4","LI 5","HI 6","LI 7","MLI 8","LI 9","MLI 10"
"42","HE 1","MLE 2","MLE 3","LE 4","LE 5","MLI 1","MHI 2","HI 3","MHI 4","MLI 5","MHI 6","MLI 7","MLI 8","MHI 9","MLI 10"
"43","MHE 1","MHE 2","LE 3","MLE 4","MLE 5","LI 1","HI 2","MHI 3","MLI 4","MLI 5","MLI 6","HI 7","MHI 8","MHI 9","MLI 10"
"44","LE 1","MLE 2","MLE 3","HE 4","HE 5","LI 1","MLI 2","LI 3","MHI 4","MLI 5","LI 6","MHI 7","MHI 8","HI 9","HI 10"
"45","MHE 1","MLE 2","MHE 3","MHE 4","LE 5","HI 1","MHI 2","LI 3","HI 4","MHI 5","MHI 6","MLI 7","MLI 8","MLI 9","LI 10"
"46","LE 1","LE 2","LE 3","HE 4","HE 5","LI 1","LI 2","LI 3","LI 4","LI 5","LI 6","MHI 7","HI 8","HI 9","HI 10"
"47","MLE 1","MHE 2","HE 3","MLE 4","MLE 5","LI 1","MHI 2","MHI 3","LI 4","HI 5","MHI 6","MHI 7","MHI 8","MLI 9","LI 10"
"48","HE 1","MHE 2","LE 3","LE 4","LE 5","HI 1","HI 2","MHI 3","HI 4","MHI 5","HI 6","LI 7","LI 8","MLI 9","LI 10"
"49","MLE 1","MLE 2","MLE 3","HE 4","MHE 5","MHI 1","HI 2","HI 3","LI 4","MLI 5","LI 6","MHI 7","MLI 8","MHI 9","MLI 10"
"50","MLE 1","MHE 2","HE 3","MLE 4","MHE 5","MLI 1","MHI 2","MHI 3","LI 4","MHI 5","MHI 6","LI 7","MHI 8","MHI 9","MHI 10"
"51","HE 1","MHE 2","HE 3","MLE 4","LE 5","HI 1","HI 2","MLI 3","LI 4","HI 5","LI 6","HI 7","HI 8","LI 9","LI 10"
"52","HE 1","HE 2","LE 3","MLE 4","LE 5","MHI 1","MLI 2","HI 3","MHI 4","MLI 5","HI 6","LI 7","MLI 8","LI 9","LI 10"
"53","MLE 1","LE 2","LE 3","MHE 4","HE 5","MHI 1","LI 2","LI 3","MLI 4","LI 5","LI 6","MHI 7","HI 8","HI 9","HI 10"
"54","MLE 1","MHE 2","HE 3","MHE 4","MHE 5","MHI 1","MLI 2","HI 3","LI 4","LI 5","MLI 6","MHI 7","HI 8","MHI 9","MHI 10"
"55","LE 1","HE 2","MHE 3","HE 4","HE 5","HI 1","MLI 2","MHI 3","MHI 4","MLI 5","MLI 6","LI 7","MHI 8","MLI 9","MHI 10"
"56","LE 1","LE 2","MLE 3","HE 4","HE 5","LI 1","LI 2","LI 3","LI 4","LI 5","LI 6","MLI 7","HI 8","HI 9","HI 10"
"57","HE 1","MHE 2","MLE 3","LE 4","LE 5","MLI 1","MLI 2","LI 3","MHI 4","MHI 5","MHI 6","MHI 7","MHI 8","MLI 9","MHI 10"
"58","LE 1","MLE 2","MHE 3","HE 4","HE 5","MLI 1","MLI 2","MLI 3","MLI 4","MLI 5","MLI 6","MHI 7","MHI 8","HI 9","MHI 10"
"59","MLE 1","LE 2","MHE 3","HE 4","HE 5","HI 1","LI 2","MHI 3","MLI 4","LI 5","MLI 6","HI 7","MHI 8","MHI 9","HI 10"
"60","MLE 1","LE 2","HE 3","MHE 4","LE 5","HI 1","HI 2","HI 3","MHI 4","MHI 5","LI 6","LI 7","LI 8","MLI 9","HI 10"
"61","HE 1","MLE 2","HE 3","LE 4","LE 5","MLI 1","HI 2","MLI 3","HI 4","HI 5","MLI 6","LI 7","LI 8","LI 9","MHI 10"
"62","MHE 1","MLE 2","MHE 3","MLE 4","MHE 5","LI 1","LI 2","MHI 3","MLI 4","LI 5","MHI 6","HI 7","MHI 8","HI 9","MHI 10"
"63","HE 1","MLE 2","MHE 3","MLE 4","MLE 5","MHI 1","MLI 2","HI 3","MHI 4","MLI 5","MHI 6","MLI 7","MLI 8","MHI 9","MHI 10"
"64","LE 1","LE 2","LE 3","HE 4","HE 5","LI 1","LI 2","LI 3","LI 4","LI 5","LI 6","MLI 7","HI 8","HI 9","HI 10"
"65","MLE 1","LE 2","HE 3","MHE 4","MLE 5","MLI 1","HI 2","MLI 3","LI 4","HI 5","MHI 6","MLI 7","MLI 8","MLI 9","LI 10"
"66","LE 1","LE 2","HE 3","HE 4","HE 5","MLI 1","MHI 2","MHI 3","MLI 4","MHI 5","MLI 6","MLI 7","MLI 8","MHI 9","MHI 10"
"67","LE 1","MLE 2","MLE 3","HE 4","HE 5","LI 1","LI 2","LI 3","LI 4","LI 5","LI 6","MHI 7","HI 8","HI 9","HI 10"
"68","HE 1","HE 2","HE 3","LE 4","LE 5","MHI 1","MLI 2","MLI 3","LI 4","MHI 5","HI 6","MHI 7","LI 8","MHI 9","MLI 10"
"69","MHE 1","HE 2","MLE 3","LE 4","MLE 5","HI 1","HI 2","HI 3","HI 4","HI 5","MHI 6","LI 7","LI 8","LI 9","LI 10"
"70","MHE 1","MLE 2","MHE 3","LE 4","MLE 5","MLI 1","MHI 2","HI 3","MLI 4","HI 5","MHI 6","MLI 7","LI 8","MLI 9","MLI 10"
"71","LE 1","LE 2","LE 3","HE 4","HE 5","MLI 1","LI 2","LI 3","LI 4","LI 5","LI 6","LI 7","HI 8","HI 9","HI 10"
"72","MHE 1","HE 2","LE 3","LE 4","MLE 5","LI 1","LI 2","LI 3","LI 4","LI 5","MLI 6","HI 7","HI 8","HI 9","HI 10"
"73","MHE 1","MLE 2","MHE 3","MHE 4","LE 5","LI 1","LI 2","MLI 3","HI 4","MHI 5","HI 6","HI 7","LI 8","MLI 9","MLI 10"
"74","HE 1","MLE 2","LE 3","MHE 4","MHE 5","HI 1","MHI 2","LI 3","MHI 4","HI 5","HI 6","MLI 7","LI 8","LI 9","LI 10"
"75","MLE 1","MLE 2","MHE 3","HE 4","HE 5","MLI 1","MLI 2","MLI 3","LI 4","MLI 5","HI 6","MLI 7","HI 8","MHI 9","LI 10"
"76","HE 1","MLE 2","MLE 3","MLE 4","MLE 5","HI 1","MLI 2","HI 3","MLI 4","MHI 5","MHI 6","LI 7","MLI 8","MHI 9","LI 10"
"77","MHE 1","HE 2","MHE 3","LE 4","LE 5","HI 1","HI 2","HI 3","HI 4","HI 5","MLI 6","LI 7","LI 8","LI 9","LI 10"
"78","HE 1","HE 2","HE 3","LE 4","MLE 5","LI 1","MLI 2","MHI 3","MHI 4","LI 5","MHI 6","HI 7","MHI 8","MLI 9","MHI 10"
"79","MLE 1","LE 2","LE 3","MLE 4","MHE 5","MLI 1","MHI 2","HI 3","HI 4","MHI 5","MLI 6","MHI 7","LI 8","MHI 9","MLI 10"
"80","MLE 1","LE 2","LE 3","LE 4","LE 5","HI 1","MHI 2","MLI 3","HI 4","HI 5","MLI 6","MHI 7","MLI 8","LI 9","MLI 10"
"81","LE 1","MHE 2","HE 3","MHE 4","MHE 5","MHI 1","MLI 2","MHI 3","MHI 4","MHI 5","MLI 6","MHI 7","MLI 8","MLI 9","MHI 10"
"82","HE 1","MHE 2","LE 3","MLE 4","LE 5","HI 1","LI 2","MHI 3","HI 4","HI 5","MLI 6","LI 7","LI 8","LI 9","MHI 10"
"83","LE 1","LE 2","LE 3","HE 4","HE 5","MHI 1","MLI 2","LI 3","MLI 4","MLI 5","LI 6","LI 7","MHI 8","HI 9","HI 10"
"84","HE 1","HE 2","MHE 3","LE 4","LE 5","HI 1","HI 2","MLI 3","MLI 4","MLI 5","HI 6","MHI 7","LI 8","MLI 9","MLI 10"
"85","MHE 1","HE 2","MLE 3","MLE 4","LE 5","LI 1","MHI 2","MLI 3","MLI 4","MHI 5","HI 6","HI 7","MLI 8","LI 9","MLI 10"
"86","LE 1","HE 2","HE 3","MHE 4","MHE 5","LI 1","LI 2","LI 3","LI 4","LI 5","LI 6","HI 7","HI 8","HI 9","HI 10"
"87","MLE 1","MLE 2","MLE 3","MHE 4","MHE 5","MLI 1","LI 2","LI 3","MLI 4","MLI 5","LI 6","MHI 7","HI 8","HI 9","HI 10"
"88","HE 1","MLE 2","MLE 3","LE 4","LE 5","MLI 1","HI 2","MHI 3","HI 4","HI 5","HI 6","MLI 7","MLI 8","LI 9","LI 10"
